id,topic,headline,body,source,published_at
1,string,"Ethereum Staking Yields Drop to 3.2% as Network Participation Reaches All-Time High","Ethereum staking rewards have declined to 3.2% annually as the total amount of ETH locked in staking contracts surpassed 34 million tokens, representing nearly 28% of the total supply. Industry analysts attribute the yield compression to increased validator participation following successful network upgrades. Major institutional players including Coinbase and Kraken report steady inflows into their staking services despite lower returns.",synthetic_claude,2025-01-14T00:00:00Z
2,string,"SEC Approves New Ethereum Staking Guidelines for Institutional Custodians","The U.S. Securities and Exchange Commission issued comprehensive guidelines for institutional custodians offering Ethereum staking services, providing regulatory clarity that market participants have sought for over two years. The framework distinguishes between custodial and non-custodial staking arrangements and establishes disclosure requirements for retail investors. Legal experts expect the guidance to accelerate institutional adoption of ETH staking products.",synthetic_claude,2025-02-11T08:00:00Z
3,string,"BlackRock's Ethereum Staking ETF Application Draws $500 Million in Institutional Interest","BlackRock's proposed spot Ethereum ETF with integrated staking rewards has attracted preliminary commitments exceeding $500 million from institutional investors, according to sources familiar with the matter. The product would allow investors to gain exposure to both ETH price appreciation and staking yields through a regulated investment vehicle. The SEC has extended its review period until June 2025.",synthetic_claude,2025-03-11T16:00:00Z
4,string,"Ethereum Validator Queue Reaches Three-Week Wait Time Amid Staking Surge","New validators seeking to stake Ethereum now face a three-week activation queue, the longest wait period since the network's transition to proof-of-stake in September 2022. On-chain data shows approximately 95,000 validators awaiting activation, representing roughly $12 billion in pending ETH deposits. Analysts cite improved network stability and rising institutional participation as primary drivers of the surge.",synthetic_claude,2025-04-10T00:00:00Z
5,string,"European Banks Launch Consortium for Ethereum Staking Infrastructure","Five major European banks including Deutsche Bank and BNP Paribas announced the formation of a joint venture to develop institutional-grade Ethereum staking infrastructure. The consortium aims to provide compliant staking services to corporate clients and asset managers across the EU under MiCA regulations. Operations are expected to commence in Q4 2025 with an initial capacity to support validators holding over 500,000 ETH.",synthetic_claude,2025-05-09T08:00:00Z
6,string,"Liquid Staking Derivatives Surpass $40 Billion as DeFi Integration Deepens","The total value locked in Ethereum liquid staking protocols exceeded $40 billion this week, with Lido Finance maintaining its dominant 62% market share. The growth reflects increasing sophistication in DeFi strategies that allow users to stake ETH while maintaining liquidity through derivative tokens. Rocket Pool and Frax Finance also reported record monthly inflows as yield optimization strategies gain mainstream adoption.",synthetic_claude,2025-06-08T16:00:00Z
7,string,"Ethereum Foundation Proposes Changes to Staking Economics in EIP-7891","Core Ethereum developers unveiled a proposal to modify staking issuance rates in response to concerns about excessive centralization among large validators. The Ethereum Improvement Proposal would implement a tiered reward structure that reduces yields for entities controlling more than 100,000 validators. Community feedback is being solicited ahead of potential inclusion in the Prague-Electra upgrade scheduled for early 2026.",synthetic_claude,2025-07-08T00:00:00Z
8,string,"JPMorgan Analysis: Ethereum Staking Returns Outperform Traditional Fixed Income","A research report from JPMorgan's digital assets division found that risk-adjusted returns from Ethereum staking have exceeded U.S. Treasury yields by an average of 180 basis points over the past 12 months. The analysis, which adjusted for ETH price volatility using options-based hedging strategies, suggests institutional allocators are increasingly viewing staked ETH as a viable alternative to low-yielding sovereign debt. The bank's private wealth division now includes ETH staking in its alternative income portfolio recommendations.",synthetic_claude,2025-08-07T08:00:00Z
9,string,"Shanghai-Based Validator Fined for Ethereum Staking Misconduct","Chinese authorities imposed a $2.8 million penalty on a Shanghai-based cryptocurrency firm for operating unlicensed Ethereum validation services and failing to implement proper customer verification procedures. The enforcement action marks the first major regulatory crackdown on staking operations in mainland China since revised digital asset regulations took effect in July. Industry observers expect heightened scrutiny of cross-border staking arrangements in the coming months.",synthetic_claude,2025-09-06T16:00:00Z
10,string,"Ethereum Staking Participation Rate Hits 30% as Solo Stakers Return","The proportion of circulating ETH actively staking has reached 30% for the first time since the Shanghai upgrade, as solo validators return to the network following improved tooling and reduced minimum staking thresholds.",synthetic_claude,2025-10-10T08:00:00Z
